artifact,method,k,l,r,l_over_k,partitions,sampling,run,seed,r_effective,cost_seed,cost_final,n_lloyd_iters,time_seed,time_fit,failed,time_total
l_sweep,kmeans||,500,50,5,0.1,64,bernoulli,0,42,15.0,78894.57368380926,55544.23928947999,20.0,5.8025665283203125,7.5487589836120605,False,13.351325511932371
l_sweep,kmeans||,500,50,5,0.1,64,bernoulli,1,43,15.0,78435.48619692515,56047.392817662985,20.0,4.970137596130371,8.097620248794556,False,13.067757844924929
l_sweep,kmeans||,500,50,5,0.1,64,bernoulli,2,44,15.0,78305.11671868085,55263.59401768665,24.0,4.483604431152344,9.072783470153809,False,13.556387901306152
l_sweep,kmeans||,500,50,5,0.1,64,bernoulli,3,45,15.0,74840.45678471382,55223.80166947436,20.0,5.119345426559448,7.812613248825073,False,12.93195867538452
l_sweep,kmeans||,500,50,5,0.1,64,bernoulli,4,46,15.0,79907.12693072957,56435.11381950694,23.0,4.636913299560547,8.615911483764648,False,13.252824783325195
l_sweep,kmeans||,500,50,5,0.1,64,bernoulli,5,47,15.0,74294.75956202054,54826.92088485848,15.0,5.03034257888794,6.13503098487854,False,11.16537356376648
l_sweep,kmeans||,500,50,5,0.1,64,bernoulli,6,48,15.0,74758.58995023783,55775.09283459895,17.0,5.332056283950806,7.540383815765381,False,12.872440099716188
l_sweep,kmeans||,500,50,5,0.1,64,bernoulli,7,49,15.0,74926.95477869507,55345.913697111246,24.0,4.842777252197266,8.543608665466309,False,13.386385917663574
l_sweep,kmeans||,500,50,5,0.1,64,bernoulli,8,50,15.0,74847.58786666402,55278.92040019931,21.0,4.912791967391968,7.927512168884277,False,12.840304136276243
l_sweep,kmeans||,500,50,5,0.1,64,bernoulli,9,51,15.0,73605.119351992,55822.31343641085,17.0,4.8554527759552,7.090505838394165,False,11.945958614349363
l_sweep,kmeans||,500,50,5,0.1,64,bernoulli,10,52,15.0,76233.55062816462,55155.41113400162,17.0,5.141565561294556,6.842252731323242,False,11.983818292617798
l_sweep,kmeans||,500,250,5,0.5,64,bernoulli,0,42,5.0,66301.46617724477,54323.781631276834,16.0,3.856750011444092,6.749527215957642,False,10.606277227401732
l_sweep,kmeans||,500,250,5,0.5,64,bernoulli,1,43,5.0,67534.92331153035,54582.6455242314,19.0,3.747281074523926,8.274630546569824,False,12.02191162109375
l_sweep,kmeans||,500,250,5,0.5,64,bernoulli,2,44,5.0,66496.33085055738,54175.73446808128,23.0,3.579339027404785,8.33458662033081,False,11.913925647735596
l_sweep,kmeans||,500,250,5,0.5,64,bernoulli,3,45,5.0,67879.08098217745,54774.79343174023,21.0,3.1927170753479004,8.072164297103882,False,11.264881372451782
l_sweep,kmeans||,500,250,5,0.5,64,bernoulli,4,46,5.0,67513.87132408013,54326.74191207207,16.0,3.3482139110565186,4.690359115600586,False,8.038573026657104
l_sweep,kmeans||,500,250,5,0.5,64,bernoulli,5,47,5.0,66128.74972004861,54534.39688864156,16.0,3.2408576011657715,5.757889032363892,False,8.998746633529663
l_sweep,kmeans||,500,250,5,0.5,64,bernoulli,6,48,5.0,67791.15862390946,54937.713512670256,17.0,3.209004163742065,7.500871896743774,False,10.70987606048584
l_sweep,kmeans||,500,250,5,0.5,64,bernoulli,7,49,5.0,66180.61580359175,54621.065719569335,15.0,3.8409485816955566,4.347977638244629,False,8.188926219940186
l_sweep,kmeans||,500,250,5,0.5,64,bernoulli,8,50,5.0,68424.92979217996,55129.10624088619,14.0,3.4579131603240967,4.759917497634888,False,8.217830657958984
l_sweep,kmeans||,500,250,5,0.5,64,bernoulli,9,51,5.0,64920.0621962967,54356.7006689235,15.0,3.5990869998931885,6.254517078399658,False,9.853604078292848
l_sweep,kmeans||,500,250,5,0.5,64,bernoulli,10,52,5.0,66329.45169881689,54381.7346016541,19.0,3.421472549438477,5.884469270706177,False,9.305941820144652
l_sweep,kmeans||,500,500,5,1.0,64,bernoulli,0,42,5.0,59067.61040265685,53923.34165702468,15.0,4.067809581756592,6.36916971206665,False,10.436979293823242
l_sweep,kmeans||,500,500,5,1.0,64,bernoulli,1,43,5.0,59665.38148535158,54420.66891743824,18.0,4.223395109176636,7.274499416351318,False,11.497894525527954
l_sweep,kmeans||,500,500,5,1.0,64,bernoulli,2,44,5.0,59384.044821451775,54336.25623405289,19.0,4.0604658126831055,8.604536056518555,False,12.66500186920166
l_sweep,kmeans||,500,500,5,1.0,64,bernoulli,3,45,5.0,59491.976290117695,54276.91134177432,19.0,4.193403959274292,7.883879423141479,False,12.077283382415771
l_sweep,kmeans||,500,500,5,1.0,64,bernoulli,4,46,5.0,59699.674193989886,54322.75711354851,17.0,4.106629848480225,7.499308347702026,False,11.605938196182253
l_sweep,kmeans||,500,500,5,1.0,64,bernoulli,5,47,5.0,59940.36115139343,54193.68591506486,16.0,3.9447312355041504,7.032458305358887,False,10.977189540863035
l_sweep,kmeans||,500,500,5,1.0,64,bernoulli,6,48,5.0,59954.708205856376,54181.39920084772,15.0,4.097452163696289,4.312083721160889,False,8.409535884857178
l_sweep,kmeans||,500,500,5,1.0,64,bernoulli,7,49,5.0,60321.95460371334,54810.478088611984,13.0,4.288733959197998,6.215253591537476,False,10.503987550735474
l_sweep,kmeans||,500,500,5,1.0,64,bernoulli,8,50,5.0,59964.80395666575,54650.1723576647,15.0,3.720315456390381,6.385236740112305,False,10.105552196502686
l_sweep,kmeans||,500,500,5,1.0,64,bernoulli,9,51,5.0,59407.03478801638,54145.543656642505,15.0,3.817894458770752,5.967697858810425,False,9.785592317581177
l_sweep,kmeans||,500,500,5,1.0,64,bernoulli,10,52,5.0,60548.47796424354,55188.24984464582,22.0,4.003131151199341,8.367640018463135,False,12.370771169662476
l_sweep,kmeans||,500,1000,5,2.0,64,bernoulli,0,42,5.0,56486.69385433148,54201.15278657412,13.0,4.925090312957764,4.23545503616333,False,9.160545349121094
l_sweep,kmeans||,500,1000,5,2.0,64,bernoulli,1,43,5.0,56813.579877117765,54264.84634640281,16.0,5.272241115570068,6.553625822067261,False,11.825866937637327
l_sweep,kmeans||,500,1000,5,2.0,64,bernoulli,2,44,5.0,56758.51758503806,54382.905112508415,16.0,4.948262691497803,6.318483352661133,False,11.266746044158936
l_sweep,kmeans||,500,1000,5,2.0,64,bernoulli,3,45,5.0,56804.73406557981,54715.66893958006,12.0,5.11384654045105,5.273320436477661,False,10.387166976928713
l_sweep,kmeans||,500,1000,5,2.0,64,bernoulli,4,46,5.0,57416.38555789585,55006.33754922015,17.0,4.856388807296753,5.5254225730896,False,10.381811380386353
l_sweep,kmeans||,500,1000,5,2.0,64,bernoulli,5,47,5.0,56741.437251135256,54505.356384798055,15.0,4.734346628189087,6.021764516830444,False,10.756111145019531
l_sweep,kmeans||,500,1000,5,2.0,64,bernoulli,6,48,5.0,57122.63282139065,54222.41064431162,12.0,4.91959810256958,3.785319805145264,False,8.704917907714844
l_sweep,kmeans||,500,1000,5,2.0,64,bernoulli,7,49,5.0,57070.71672858433,54505.95016276719,15.0,4.588331460952759,6.082217454910278,False,10.670548915863035
l_sweep,kmeans||,500,1000,5,2.0,64,bernoulli,8,50,5.0,56853.14964061436,54437.73249050318,14.0,5.407363176345825,4.602168560028076,False,10.0095317363739
l_sweep,kmeans||,500,1000,5,2.0,64,bernoulli,9,51,5.0,56286.201264046336,53866.08641005676,17.0,4.980825185775757,6.751271963119507,False,11.732097148895264
l_sweep,kmeans||,500,1000,5,2.0,64,bernoulli,10,52,5.0,56978.25398567114,54496.599072099474,12.0,5.1060285568237305,5.456044673919678,False,10.562073230743408
l_sweep,kmeans||,500,2500,5,5.0,64,bernoulli,0,42,5.0,55157.12266090464,54433.97973296205,13.0,7.550466060638428,6.493932008743286,False,14.044398069381714
l_sweep,kmeans||,500,2500,5,5.0,64,bernoulli,1,43,5.0,55563.60750598439,54699.16349966751,12.0,7.436228513717651,5.453573703765869,False,12.88980221748352
l_sweep,kmeans||,500,2500,5,5.0,64,bernoulli,2,44,5.0,55228.58991181989,54205.67912190168,14.0,7.4871721267700195,5.566601753234863,False,13.053773880004885
l_sweep,kmeans||,500,2500,5,5.0,64,bernoulli,3,45,5.0,55305.64762892266,54484.84683249719,17.0,7.456366539001465,6.567957878112793,False,14.024324417114258
l_sweep,kmeans||,500,2500,5,5.0,64,bernoulli,4,46,5.0,54922.36118997136,54253.33550954323,10.0,7.653890371322632,5.108784914016724,False,12.762675285339355
l_sweep,kmeans||,500,2500,5,5.0,64,bernoulli,5,47,5.0,55320.82564077314,54553.52690946185,14.0,7.324302911758423,4.372246980667114,False,11.696549892425535
l_sweep,kmeans||,500,2500,5,5.0,64,bernoulli,6,48,5.0,55050.25079823664,54271.86835011805,10.0,8.059621334075928,5.0233376026153564,False,13.082958936691284
l_sweep,kmeans||,500,2500,5,5.0,64,bernoulli,7,49,5.0,54878.38078196248,54302.60256614009,14.0,7.322931289672852,6.774965763092041,False,14.097897052764893
l_sweep,kmeans||,500,2500,5,5.0,64,bernoulli,8,50,5.0,55023.028610839225,54364.9469292392,14.0,7.53046441078186,5.215529680252075,False,12.745994091033936
l_sweep,kmeans||,500,2500,5,5.0,64,bernoulli,9,51,5.0,54908.93029491506,54118.38487149206,13.0,7.594525098800659,6.285544157028198,False,13.880069255828856
l_sweep,kmeans||,500,2500,5,5.0,64,bernoulli,10,52,5.0,54333.69912396341,53624.7172455029,15.0,7.923599481582642,6.459243535995483,False,14.382843017578123
l_sweep,kmeans||,500,5000,5,10.0,64,bernoulli,0,42,5.0,54413.44640081657,54263.32647589365,6.0,12.775086641311646,3.9653594493865967,False,16.740446090698242
l_sweep,kmeans||,500,5000,5,10.0,64,bernoulli,1,43,5.0,55052.06323624493,54833.42498404972,12.0,12.881439447402954,5.781603097915649,False,18.663042545318604
l_sweep,kmeans||,500,5000,5,10.0,64,bernoulli,2,44,5.0,54874.43611358224,54568.27566714774,12.0,12.16059947013855,5.791855335235596,False,17.952454805374146
l_sweep,kmeans||,500,5000,5,10.0,64,bernoulli,3,45,5.0,54727.66478279736,54566.79628204017,7.0,12.22972559928894,4.089536905288696,False,16.319262504577637
l_sweep,kmeans||,500,5000,5,10.0,64,bernoulli,4,46,5.0,54542.470298467735,54313.21775712805,8.0,12.301120042800903,4.939376831054688,False,17.24049687385559
l_sweep,kmeans||,500,5000,5,10.0,64,bernoulli,5,47,5.0,55057.30945294976,54738.983490824176,13.0,12.462949514389038,5.900543689727783,False,18.36349320411682
l_sweep,kmeans||,500,5000,5,10.0,64,bernoulli,6,48,5.0,54106.60229115855,53896.014866247984,8.0,12.50622582435608,4.439723014831543,False,16.945948839187622
l_sweep,kmeans||,500,5000,5,10.0,64,bernoulli,7,49,5.0,54511.34307129315,54298.81417793371,8.0,12.56399631500244,4.652153968811035,False,17.216150283813477
l_sweep,kmeans||,500,5000,5,10.0,64,bernoulli,8,50,5.0,54736.899921311495,54535.260189252425,7.0,12.179725170135498,4.313795566558838,False,16.493520736694336
l_sweep,kmeans||,500,5000,5,10.0,64,bernoulli,9,51,5.0,54373.3841336882,54122.85280885051,12.0,11.85204553604126,5.617679119110107,False,17.469724655151367
l_sweep,kmeans||,500,5000,5,10.0,64,bernoulli,10,52,5.0,54854.10270750484,54560.258732420734,11.0,12.287697315216064,5.166184663772583,False,17.453881978988647
l_sweep,kmeans||,500,10000,5,20.0,64,bernoulli,0,42,5.0,54476.80736613184,54467.42788678824,1.0,20.029810905456543,2.2079081535339355,False,22.23771905899048
l_sweep,kmeans||,500,10000,5,20.0,64,bernoulli,1,43,5.0,54688.56061242514,54680.21337373823,1.0,20.435303926467896,2.1019628047943115,False,22.537266731262207
l_sweep,kmeans||,500,10000,5,20.0,64,bernoulli,2,44,5.0,54699.43028134651,54690.7660821035,1.0,19.912217617034912,2.2467644214630127,False,22.158982038497925
l_sweep,kmeans||,500,10000,5,20.0,64,bernoulli,3,45,5.0,54822.90362038309,54813.71776808082,1.0,19.548357486724854,2.065002918243408,False,21.61336040496826
l_sweep,kmeans||,500,10000,5,20.0,64,bernoulli,4,46,5.0,54400.70758802729,54391.473653112735,1.0,19.26208186149597,2.216877222061157,False,21.47895908355713
l_sweep,kmeans||,500,10000,5,20.0,64,bernoulli,5,47,5.0,54645.04436017024,54630.2049554228,2.0,20.957157611846924,2.849472999572754,False,23.80663061141968
l_sweep,kmeans||,500,10000,5,20.0,64,bernoulli,6,48,5.0,54280.61132005716,54260.75111255365,2.0,20.3486647605896,2.932414054870605,False,23.281078815460205
l_sweep,kmeans||,500,10000,5,20.0,64,bernoulli,7,49,5.0,54556.69429541632,54537.54559559005,3.0,19.46605372428894,3.088404655456543,False,22.554458379745483
l_sweep,kmeans||,500,10000,5,20.0,64,bernoulli,8,50,5.0,54725.58678586224,54717.31791790516,1.0,20.52986788749695,2.4558067321777344,False,22.985674619674683
l_sweep,kmeans||,500,10000,5,20.0,64,bernoulli,9,51,5.0,54025.21864980897,54016.42283960524,1.0,19.489420413970947,2.122711658477783,False,21.61213207244873
l_sweep,kmeans||,500,10000,5,20.0,64,bernoulli,10,52,5.0,54242.701383343134,54225.011745691634,2.0,19.862237215042114,1.4472272396087646,False,21.30946445465088
l_sweep,kmeans||,500,50000,5,100.0,64,bernoulli,0,42,5.0,54666.35509095916,54666.2272777326,1.0,56.95811820030213,2.656348466873169,False,59.61446666717529
l_sweep,kmeans||,500,50000,5,100.0,64,bernoulli,1,43,5.0,54057.55800371122,54057.482816153984,1.0,57.7777795791626,2.3720545768737797,False,60.14983415603638
l_sweep,kmeans||,500,50000,5,100.0,64,bernoulli,2,44,5.0,54374.39676659688,54374.17539201962,1.0,55.00309538841248,2.653093814849853,False,57.65618920326233
l_sweep,kmeans||,500,50000,5,100.0,64,bernoulli,3,45,5.0,53945.32387155037,53945.22841304492,1.0,57.59065079689026,2.86246109008789,False,60.45311188697815
l_sweep,kmeans||,500,50000,5,100.0,64,bernoulli,4,46,5.0,54182.420095750254,54182.35390721983,1.0,57.65497970581055,2.8204829692840576,False,60.475462675094604
l_sweep,kmeans||,500,50000,5,100.0,64,bernoulli,5,47,5.0,54042.41362644814,54042.23894484246,1.0,54.6300699710846,2.9672021865844727,False,57.59727215766907
l_sweep,kmeans||,500,50000,5,100.0,64,bernoulli,6,48,5.0,54407.03774410582,54406.83275332084,1.0,61.8106861114502,2.5083155632019043,False,64.3190016746521
l_sweep,kmeans||,500,50000,5,100.0,64,bernoulli,7,49,5.0,54224.052691029865,54223.94793120914,1.0,56.08474540710449,2.454184055328369,False,58.53892946243286
l_sweep,kmeans||,500,50000,5,100.0,64,bernoulli,8,50,5.0,54406.767038017984,54406.667630588425,1.0,57.3075168132782,2.2144484519958496,False,59.52196526527405
l_sweep,kmeans||,500,50000,5,100.0,64,bernoulli,9,51,5.0,54122.25171008699,54122.15044013354,1.0,53.80063629150391,2.632916212081909,False,56.433552503585815
l_sweep,kmeans||,500,50000,5,100.0,64,bernoulli,10,52,5.0,54599.165364308894,54598.87304788572,1.0,52.57854962348938,3.0077717304229736,False,55.58632135391235
l_sweep,kmeans||,1000,100,5,0.1,64,bernoulli,0,42,15.0,41143.5530043704,30271.582529118583,17.0,5.806818962097168,10.320895671844482,False,16.12771463394165
l_sweep,kmeans||,1000,100,5,0.1,64,bernoulli,1,43,15.0,41732.85716967704,30460.62893777816,23.0,5.951408624649048,13.33667016029358,False,19.288078784942627
l_sweep,kmeans||,1000,100,5,0.1,64,bernoulli,2,44,15.0,40720.9003774603,30286.220003352755,18.0,5.916800022125244,9.230182886123655,False,15.1469829082489
l_sweep,kmeans||,1000,100,5,0.1,64,bernoulli,3,45,15.0,40721.18355370402,30292.718493081506,15.0,5.316164016723633,9.906020879745483,False,15.222184896469116
l_sweep,kmeans||,1000,100,5,0.1,64,bernoulli,4,46,15.0,42491.10487490569,30535.23745157925,19.0,5.347007751464844,12.289506673812866,False,17.63651442527771
l_sweep,kmeans||,1000,100,5,0.1,64,bernoulli,5,47,15.0,40080.14077921541,29765.033330771406,18.0,5.351100444793701,10.615354299545288,False,15.96645474433899
l_sweep,kmeans||,1000,100,5,0.1,64,bernoulli,6,48,15.0,40997.87401284711,30038.84503656329,18.0,5.645573377609253,10.963597536087036,False,16.60917091369629
l_sweep,kmeans||,1000,100,5,0.1,64,bernoulli,7,49,15.0,40697.12782950766,29996.59773434653,19.0,5.418479681015015,10.57451629638672,False,15.992995977401732
l_sweep,kmeans||,1000,100,5,0.1,64,bernoulli,8,50,15.0,41590.10112271039,30325.800471630777,14.0,5.620263576507568,8.778138875961304,False,14.398402452468872
l_sweep,kmeans||,1000,100,5,0.1,64,bernoulli,9,51,15.0,40648.80350010004,30088.74250099412,17.0,6.64292573928833,8.186119556427002,False,14.829045295715332
l_sweep,kmeans||,1000,100,5,0.1,64,bernoulli,10,52,15.0,41157.74464654458,30305.76288898193,22.0,5.60745906829834,12.548778772354126,False,18.156237840652462
l_sweep,kmeans||,1000,500,5,0.5,64,bernoulli,0,42,5.0,35934.86902094335,29560.86431141188,14.0,4.538822412490845,9.311730861663818,False,13.850553274154665
l_sweep,kmeans||,1000,500,5,0.5,64,bernoulli,1,43,5.0,36273.31640545423,29448.658634243395,19.0,4.99616003036499,11.702555179595947,False,16.698715209960938
l_sweep,kmeans||,1000,500,5,0.5,64,bernoulli,2,44,5.0,36703.97137947079,29844.472183075217,22.0,4.1743645668029785,13.846981048583984,False,18.021345615386963
l_sweep,kmeans||,1000,500,5,0.5,64,bernoulli,3,45,5.0,36141.05100154691,29644.567982451863,15.0,4.439639568328857,9.97481656074524,False,14.414456129074097
l_sweep,kmeans||,1000,500,5,0.5,64,bernoulli,4,46,5.0,36180.77014346871,29562.303329265746,16.0,4.721019744873047,9.895260334014893,False,14.61628007888794
l_sweep,kmeans||,1000,500,5,0.5,64,bernoulli,5,47,5.0,36063.16817510812,29267.159601080377,15.0,4.64626145362854,9.918970108032228,False,14.565231561660768
l_sweep,kmeans||,1000,500,5,0.5,64,bernoulli,6,48,5.0,37100.00354415299,29777.27778665236,16.0,4.782756328582764,10.388748168945312,False,15.171504497528076
l_sweep,kmeans||,1000,500,5,0.5,64,bernoulli,7,49,5.0,36533.07973749903,29680.235665283097,18.0,4.407607555389404,11.287336826324465,False,15.694944381713867
l_sweep,kmeans||,1000,500,5,0.5,64,bernoulli,8,50,5.0,35768.75274264628,29575.603155110883,16.0,4.529263973236084,10.130584239959717,False,14.6598482131958
l_sweep,kmeans||,1000,500,5,0.5,64,bernoulli,9,51,5.0,35812.992161521484,29372.230936137785,19.0,4.453567981719971,11.283703804016112,False,15.737271785736084
l_sweep,kmeans||,1000,500,5,0.5,64,bernoulli,10,52,5.0,36602.374303497934,29546.27018442316,18.0,4.593108892440796,11.426995754241943,False,16.02010464668274
l_sweep,kmeans||,1000,1000,5,1.0,64,bernoulli,0,42,5.0,32030.911182226693,29386.203812191707,15.0,5.822577953338623,8.052409172058105,False,13.874987125396729
l_sweep,kmeans||,1000,1000,5,1.0,64,bernoulli,1,43,5.0,31992.51667549895,29287.75019697533,20.0,6.003262042999268,12.3489089012146,False,18.352170944213867
l_sweep,kmeans||,1000,1000,5,1.0,64,bernoulli,2,44,5.0,32258.616310987625,29476.398265677748,13.0,5.380825519561768,8.43643856048584,False,13.817264080047607
l_sweep,kmeans||,1000,1000,5,1.0,64,bernoulli,3,45,5.0,32438.314421415704,29658.18988547967,17.0,5.096330642700195,10.298242092132568,False,15.394572734832764
l_sweep,kmeans||,1000,1000,5,1.0,64,bernoulli,4,46,5.0,32577.39659404235,29544.6649584994,12.0,5.080923080444336,8.492851972579956,False,13.573775053024292
l_sweep,kmeans||,1000,1000,5,1.0,64,bernoulli,5,47,5.0,32294.4128477071,29485.68783634517,20.0,5.327959299087524,11.589789867401125,False,16.917749166488647
l_sweep,kmeans||,1000,1000,5,1.0,64,bernoulli,6,48,5.0,32591.52801807596,29620.4499645524,13.0,5.755682945251465,8.727784395217896,False,14.48346734046936
l_sweep,kmeans||,1000,1000,5,1.0,64,bernoulli,7,49,5.0,32012.73485538194,29313.87344689444,16.0,5.367119073867798,10.006603240966797,False,15.373722314834597
l_sweep,kmeans||,1000,1000,5,1.0,64,bernoulli,8,50,5.0,32220.441209176315,29407.60909067808,22.0,5.235291004180908,13.236282110214232,False,18.47157311439514
l_sweep,kmeans||,1000,1000,5,1.0,64,bernoulli,9,51,5.0,32207.33550256061,29511.785286416223,14.0,5.614455461502075,9.35668969154358,False,14.971145153045654
l_sweep,kmeans||,1000,1000,5,1.0,64,bernoulli,10,52,5.0,32422.63093229197,29518.73157208359,19.0,5.537754058837891,11.90101933479309,False,17.43877339363098
l_sweep,kmeans||,1000,2000,5,2.0,64,bernoulli,0,42,5.0,30544.583946742645,29359.62997799333,12.0,7.815381288528442,8.00145697593689,False,15.816838264465332
l_sweep,kmeans||,1000,2000,5,2.0,64,bernoulli,1,43,5.0,30612.78458100933,29545.25592210544,11.0,7.311099290847778,7.665087938308716,False,14.976187229156494
l_sweep,kmeans||,1000,2000,5,2.0,64,bernoulli,2,44,5.0,30596.7450996008,29421.763775088868,14.0,7.204435586929321,8.60570216178894,False,15.810137748718262
l_sweep,kmeans||,1000,2000,5,2.0,64,bernoulli,3,45,5.0,30601.4677302706,29347.816636540232,21.0,7.62708854675293,14.056324005126951,False,21.683412551879883
l_sweep,kmeans||,1000,2000,5,2.0,64,bernoulli,4,46,5.0,30736.440624360108,29435.25951327187,18.0,7.564632177352905,11.235674858093262,False,18.800307035446167
l_sweep,kmeans||,1000,2000,5,2.0,64,bernoulli,5,47,5.0,30682.630098935104,29431.260217894007,15.0,7.390888214111328,9.392316102981567,False,16.783204317092896
l_sweep,kmeans||,1000,2000,5,2.0,64,bernoulli,6,48,5.0,30822.320722850985,29444.864103287706,13.0,7.374046325683594,9.441482305526732,False,16.815528631210327
l_sweep,kmeans||,1000,2000,5,2.0,64,bernoulli,7,49,5.0,30576.792052767807,29302.802590838743,12.0,7.1598851680755615,8.204200983047485,False,15.364086151123049
l_sweep,kmeans||,1000,2000,5,2.0,64,bernoulli,8,50,5.0,30631.95644604541,29401.07051393752,16.0,7.784437894821167,10.812400102615356,False,18.596837997436523
l_sweep,kmeans||,1000,2000,5,2.0,64,bernoulli,9,51,5.0,30651.38963444828,29452.9550852179,15.0,6.993373394012451,9.800109148025513,False,16.793482542037964
l_sweep,kmeans||,1000,2000,5,2.0,64,bernoulli,10,52,5.0,30678.241010125937,29419.870770732727,15.0,6.858380556106567,9.854496717453005,False,16.71287727355957
l_sweep,kmeans||,1000,5000,5,5.0,64,bernoulli,0,42,5.0,29529.743944246595,29202.202643195724,11.0,12.386544227600098,7.211853981018066,False,19.598398208618164
l_sweep,kmeans||,1000,5000,5,5.0,64,bernoulli,1,43,5.0,29639.984169118736,29310.98354594065,11.0,12.728331089019775,7.551954507827759,False,20.28028559684753
l_sweep,kmeans||,1000,5000,5,5.0,64,bernoulli,2,44,5.0,29790.93206061112,29568.398001074635,9.0,12.904069423675535,6.640768527984619,False,19.54483795166016
l_sweep,kmeans||,1000,5000,5,5.0,64,bernoulli,3,45,5.0,29748.4898250974,29447.99050129536,12.0,12.729055643081663,8.058923482894897,False,20.78797912597656
l_sweep,kmeans||,1000,5000,5,5.0,64,bernoulli,4,46,5.0,29711.75126725506,29442.422232667715,8.0,12.109261512756348,6.0538763999938965,False,18.163137912750244
l_sweep,kmeans||,1000,5000,5,5.0,64,bernoulli,5,47,5.0,29737.49329295057,29397.06526461742,16.0,12.993956804275513,9.809678077697754,False,22.803634881973267
l_sweep,kmeans||,1000,5000,5,5.0,64,bernoulli,6,48,5.0,29527.974248050752,29222.0445378388,12.0,12.656166791915894,9.164256811141968,False,21.82042360305786
l_sweep,kmeans||,1000,5000,5,5.0,64,bernoulli,7,49,5.0,29596.233034967205,29308.754327417024,10.0,12.860433101654053,6.875499725341797,False,19.73593282699585
l_sweep,kmeans||,1000,5000,5,5.0,64,bernoulli,8,50,5.0,29683.83056271126,29433.93161901248,8.0,12.36952304840088,6.360558986663818,False,18.730082035064697
l_sweep,kmeans||,1000,5000,5,5.0,64,bernoulli,9,51,5.0,29757.478130687152,29409.771206405083,15.0,13.231685638427734,9.929253339767456,False,23.16093897819519
l_sweep,kmeans||,1000,5000,5,5.0,64,bernoulli,10,52,5.0,29760.16135659852,29462.26536430957,9.0,13.018918514251707,6.372873783111572,False,19.39179229736328
l_sweep,kmeans||,1000,10000,5,10.0,64,bernoulli,0,42,5.0,29398.15537936129,29357.737165232516,5.0,20.984166622161865,4.636543035507202,False,25.620709657669067
l_sweep,kmeans||,1000,10000,5,10.0,64,bernoulli,1,43,5.0,29321.942852102467,29291.030498392745,4.0,21.391762018203732,4.198165416717529,False,25.589927434921265
l_sweep,kmeans||,1000,10000,5,10.0,64,bernoulli,2,44,5.0,29492.17245284122,29459.396658585418,3.0,21.46351766586304,3.657101392745972,False,25.12061905860901
l_sweep,kmeans||,1000,10000,5,10.0,64,bernoulli,3,45,5.0,29606.09020425964,29560.549937592383,5.0,19.743803024291992,4.74915623664856,False,24.49295926094055
l_sweep,kmeans||,1000,10000,5,10.0,64,bernoulli,4,46,5.0,29441.354425265337,29398.789708952198,8.0,21.043487310409542,5.8541224002838135,False,26.89760971069336
l_sweep,kmeans||,1000,10000,5,10.0,64,bernoulli,5,47,5.0,29659.38176453973,29581.247026037123,8.0,20.90796422958374,6.365621089935303,False,27.273585319519043
l_sweep,kmeans||,1000,10000,5,10.0,64,bernoulli,6,48,5.0,29436.42740290807,29344.74436829507,9.0,21.653213024139404,6.753386497497559,False,28.406599521636963
l_sweep,kmeans||,1000,10000,5,10.0,64,bernoulli,7,49,5.0,29393.948224039406,29353.6890662066,6.0,21.27896738052368,4.950291872024536,False,26.229259252548218
l_sweep,kmeans||,1000,10000,5,10.0,64,bernoulli,8,50,5.0,29706.93238649492,29672.259761214355,4.0,20.19792366027832,4.390673637390137,False,24.588597297668457
l_sweep,kmeans||,1000,10000,5,10.0,64,bernoulli,9,51,5.0,29523.252233915955,29479.261609129597,5.0,20.692620277404785,4.686562061309815,False,25.3791823387146
l_sweep,kmeans||,1000,10000,5,10.0,64,bernoulli,10,52,5.0,29401.522565099214,29302.501360644757,9.0,21.122174739837646,6.988828897476196,False,28.111003637313843
l_sweep,kmeans||,1000,20000,5,20.0,64,bernoulli,0,42,5.0,29563.811058913325,29562.47677507477,1.0,35.221203327178955,2.52138352394104,False,37.74258685112
l_sweep,kmeans||,1000,20000,5,20.0,64,bernoulli,1,43,5.0,29391.852582369032,29390.651719897854,1.0,36.86817526817322,2.5924527645111084,False,39.460628032684326
l_sweep,kmeans||,1000,20000,5,20.0,64,bernoulli,2,44,5.0,29529.864167254607,29528.854490645328,1.0,34.681735038757324,2.2407007217407227,False,36.92243576049805
l_sweep,kmeans||,1000,20000,5,20.0,64,bernoulli,3,45,5.0,29303.52821486293,29302.58137606645,1.0,33.67211437225342,0.8023209571838379,False,34.474435329437256
l_sweep,kmeans||,1000,20000,5,20.0,64,bernoulli,4,46,5.0,29332.586295813297,29331.739956706904,1.0,38.19579577445984,2.4154722690582275,False,40.61126804351807
l_sweep,kmeans||,1000,20000,5,20.0,64,bernoulli,5,47,5.0,29586.768142097284,29585.561511260712,1.0,36.684414863586426,2.2513697147369385,False,38.93578457832336
l_sweep,kmeans||,1000,20000,5,20.0,64,bernoulli,6,48,5.0,29446.68527619663,29445.35367972046,1.0,36.10633015632629,2.657787799835205,False,38.7641179561615
l_sweep,kmeans||,1000,20000,5,20.0,64,bernoulli,7,49,5.0,29481.70691475697,29480.70103769368,1.0,33.807748317718506,2.586045742034912,False,36.39379405975342
l_sweep,kmeans||,1000,20000,5,20.0,64,bernoulli,8,50,5.0,29393.286574052017,29392.05776109018,1.0,35.70005536079407,2.875399351119995,False,38.57545471191406
l_sweep,kmeans||,1000,20000,5,20.0,64,bernoulli,9,51,5.0,29316.87460894113,29315.939716361,1.0,33.24717688560486,0.8977220058441162,False,34.144898891448975
l_sweep,kmeans||,1000,20000,5,20.0,64,bernoulli,10,52,5.0,29384.56379261915,29383.508397841677,1.0,33.169126987457275,2.647500276565552,False,35.81662726402283
l_sweep,kmeans||,1000,100000,5,100.0,64,bernoulli,0,42,5.0,29375.989246871108,29375.96484078028,1.0,71.23562121391296,2.4629099369049072,False,73.69853115081787
l_sweep,kmeans||,1000,100000,5,100.0,64,bernoulli,1,43,5.0,29489.17304570215,29489.09296699307,1.0,70.96883988380432,2.6142418384552,False,73.58308172225952
l_sweep,kmeans||,1000,100000,5,100.0,64,bernoulli,2,44,5.0,29290.87110787964,29290.791329092648,1.0,70.72959804534912,2.4010040760040283,False,73.13060212135315
l_sweep,kmeans||,1000,100000,5,100.0,64,bernoulli,3,45,5.0,29360.22448770405,29360.14846250626,1.0,70.18447232246399,2.45668625831604,False,72.64115858078003
l_sweep,kmeans||,1000,100000,5,100.0,64,bernoulli,4,46,5.0,29440.477249338302,29440.422674126647,1.0,65.34270310401917,2.54254412651062,False,67.88524723052979
l_sweep,kmeans||,1000,100000,5,100.0,64,bernoulli,5,47,5.0,29554.38765252546,29554.365161907677,1.0,66.44626879692078,2.458415508270264,False,68.90468430519104
l_sweep,kmeans||,1000,100000,5,100.0,64,bernoulli,6,48,5.0,29171.45822434116,29171.34442432241,1.0,76.82582497596741,2.48698353767395,False,79.31280851364136
l_sweep,kmeans||,1000,100000,5,100.0,64,bernoulli,7,49,5.0,29357.21348019927,29356.87708089979,1.0,65.91897225379944,2.465052366256714,False,68.38402462005615
l_sweep,kmeans||,1000,100000,5,100.0,64,bernoulli,8,50,5.0,29456.915132658043,29456.689768155244,1.0,59.27018022537232,2.319932222366333,False,61.59011244773865
l_sweep,kmeans||,1000,100000,5,100.0,64,bernoulli,9,51,5.0,29454.54041946561,29454.2547582074,1.0,62.22265410423279,2.7167904376983643,False,64.93944454193115
l_sweep,kmeans||,1000,100000,5,100.0,64,bernoulli,10,52,5.0,29463.754347698003,29463.608252350758,1.0,61.20758366584778,2.692281007766724,False,63.8998646736145
