k,l,r,r_effective,partitions,initial_cost,final_cost,time,lloyd_time,num effective lloyd iters,seed,cost_history,iter_times,n_centroids_history,workers,l_over_k
500,1,0,0,64,78748194.19046861,31462276.63242558,48.86403965950012,35.87658929824829,20,42,"[78748194.19046861, 66506681.05553815, 53118875.11917269, 43564223.604232736, 42434624.823578514, 37622300.88351529, 33959067.062823616, 32101133.07140873, 31752791.369617704, 31647199.496845737, 31601076.53561914, 31576142.97033136, 31554162.92717825, 31529574.112352658, 31511140.438470513, 31502204.35135755, 31495942.95620577, 31491149.698045697, 31484595.601197407, 31471998.138475552]","[12.827301979064941, 1.0523221492767334, 1.0289733409881592, 1.0631582736968994, 1.224316120147705, 1.198742389678955, 1.2363271713256836, 1.1901235580444336, 1.1898012161254883, 1.1905996799468994, 1.2825934886932373, 1.2158920764923096, 1.2052538394927979, 1.2544519901275635, 1.2502927780151367, 1.2383522987365723, 1.2559843063354492, 1.2492477893829346, 1.2739741802215576, 1.2576799392700195]",[],8,0
500,1,0,0,64,81275245.6581196,30871489.57037721,50.18968415260315,37.414196491241455,20,43,"[81275245.6581196, 72022448.99401529, 52104868.76471725, 40812122.4221758, 37178111.064958066, 34877864.82714368, 32325513.216925565, 31469763.634405635, 31374306.64194476, 31190168.52084498, 31039207.870923836, 30993511.039177477, 30977974.25280819, 30955117.195515208, 30929503.850264642, 30908976.221780565, 30897575.795277473, 30891162.48498185, 30886562.601595603, 30882250.72440043]","[13.379514217376709, 1.2034316062927246, 1.2828774452209473, 1.2585194110870361, 1.2688696384429932, 1.2505075931549072, 1.2259035110473633, 1.5000925064086914, 1.2781004905700684, 1.2418224811553955, 1.2220709323883057, 1.2309954166412354, 1.220714807510376, 1.197333574295044, 1.1825406551361084, 1.2040724754333496, 1.1769697666168213, 1.4822893142700195, 1.1884350776672363, 1.216362476348877]",[],8,0
500,1,0,0,64,83768736.75365935,39133826.12434443,51.14181470870972,38.50311493873596,20,44,"[83768736.75365935, 78462669.60675456, 58169473.27170414, 56545875.678713106, 56001714.234880194, 54296178.489002444, 52583800.81017802, 46741179.86123794, 44780700.46195947, 44501220.84586523, 44435458.79074816, 44321199.498260185, 44155838.74313531, 44108287.709920004, 44085151.83536895, 44072100.48083671, 44049393.400204584, 44010098.41972983, 43939772.3637026, 43495009.474796645]","[13.61208200454712, 1.2672061920166016, 1.2806570529937744, 1.3026657104492188, 1.3034508228302002, 1.3404982089996338, 1.344365119934082, 1.305321216583252, 1.2277288436889648, 1.2291886806488037, 1.3007700443267822, 1.3130638599395752, 1.2834198474884033, 1.4549310207366943, 1.3015413284301758, 1.3012206554412842, 1.2703545093536377, 1.3086490631103516, 1.3127667903900146, 1.3139464855194092]",[],8,0
500,1,0,0,64,82962206.08284853,39988848.756586686,51.550755977630615,38.53378343582153,20,45,"[82962206.08284853, 77395555.71400303, 54908916.048125766, 51871717.988238774, 47551624.72759443, 42993612.130270906, 40547141.125791326, 40318099.05677156, 40150536.40011791, 40090909.491216905, 40071490.36930994, 40047938.3694858, 40030748.4755688, 40020988.19134608, 40010293.00312798, 40004696.91959987, 40001016.91767, 39997737.810006276, 39994739.41441835, 39992032.3078455]","[14.266941547393799, 1.179551601409912, 1.204019546508789, 1.1879737377166748, 1.3622791767120361, 1.2475357055664062, 1.2412967681884766, 1.2482836246490479, 1.2306339740753174, 1.2063727378845215, 1.2651443481445312, 1.248382806777954, 1.2640464305877686, 1.2843413352966309, 1.2893199920654297, 1.3061192035675049, 1.4129705429077148, 1.303722858428955, 1.2894864082336426, 1.2923455238342285]",[],8,0
500,1,0,0,64,77087628.38686092,36876004.55659418,51.53379464149475,37.84493947029114,20,46,"[77087628.38686092, 72364079.02193965, 58770896.54143357, 50678608.13156855, 41737468.293351516, 40829373.51076064, 39314938.65676535, 37720694.12233427, 37443134.596917294, 37312529.732156806, 37205785.86735261, 37114377.62440497, 37095269.848735, 37077055.963967204, 37059089.133703284, 37046499.66175365, 37030254.55424363, 36904219.35002771, 36881967.113609076, 36877486.04952967]","[14.63246202468872, 1.1263916492462158, 1.228339433670044, 1.2250542640686035, 1.2246251106262207, 1.2198920249938965, 1.2176063060760498, 1.2081973552703857, 1.2394073009490967, 1.2121360301971436, 1.2271490097045898, 1.2405073642730713, 1.2286872863769531, 1.1769850254058838, 1.2079014778137207, 1.2727315425872803, 1.186387300491333, 1.3670878410339355, 1.1008124351501465, 1.0599160194396973]",[],8,0
500,1,0,0,64,76799368.78330064,29741065.097959153,50.72832703590393,37.79413342475891,20,47,"[76799368.78330064, 69125535.16395196, 54683590.64113357, 44742787.610227875, 38185160.21601741, 37148830.16044596, 34964929.096173674, 32600808.98696777, 31963603.610580366, 31850548.973953918, 31734419.721046656, 31640304.48046925, 31276364.97741281, 30853484.664972473, 30555523.06589858, 30435784.03755445, 30336435.099037923, 30228041.939681128, 30178835.1965672, 29960164.906455547]","[14.127910375595093, 1.194035291671753, 1.2136080265045166, 1.2468743324279785, 1.1986665725708008, 1.2208056449890137, 1.2311692237854004, 1.223050594329834, 1.2157864570617676, 1.3360648155212402, 1.1985571384429932, 1.2231464385986328, 1.211839199066162, 1.4114022254943848, 1.2098283767700195, 1.2445645332336426, 1.2192966938018799, 1.2005341053009033, 1.240828275680542, 1.239628553390503]",[],8,0
500,1,0,0,64,90525895.84559754,41038616.80118906,49.27878260612488,36.413086891174316,20,48,"[90525895.84559754, 81331384.12529248, 56795988.629903205, 51119583.56263321, 49891785.60864752, 46387327.00942649, 44036900.792184204, 41890898.01947435, 41767250.132236496, 41676224.74757456, 41564937.90811178, 41529889.786691524, 41478859.138852715, 41365135.11489109, 41174286.89396397, 41105997.40506898, 41088135.520895965, 41076573.774761245, 41059155.691695005, 41048896.54912483]","[13.630191087722778, 1.3848800659179688, 1.2744510173797607, 1.1879065036773682, 1.1926252841949463, 1.2168090343475342, 1.2335529327392578, 1.2566816806793213, 1.1964271068572998, 1.1775267124176025, 1.1450676918029785, 1.1785080432891846, 1.1396236419677734, 1.1664409637451172, 1.1893441677093506, 1.18550705909729, 1.1474077701568604, 1.1101810932159424, 1.0432908535003662, 1.1329691410064697]",[],8,0
500,1,0,0,64,84463062.9071261,40022493.47603784,49.53740859031677,36.32482099533081,20,49,"[84463062.9071261, 77248927.19457963, 52753484.92035097, 48866062.377809346, 48329708.464099795, 47809142.482531115, 46348507.947267555, 44694846.04471247, 43542925.040588185, 40765741.74445004, 40333735.51645131, 40222843.36895298, 40099084.068781234, 40091105.53223156, 40084962.2142026, 40077337.433919206, 40065176.50436416, 40046350.85461209, 40034993.78968579, 40027907.770657696]","[13.566966772079468, 1.169316291809082, 1.1367607116699219, 1.1008284091949463, 1.1216752529144287, 1.1377384662628174, 1.1230695247650146, 1.1412405967712402, 1.1344549655914307, 1.1348927021026611, 1.1493849754333496, 1.1365852355957031, 1.443878173828125, 1.4688382148742676, 1.221414566040039, 1.1801667213439941, 1.1411364078521729, 1.1830291748046875, 1.1602427959442139, 1.1938130855560303]",[],8,0
500,1,0,0,64,86178830.40708822,35638199.67438327,47.755746364593506,35.23417139053345,20,50,"[86178830.40708822, 76362811.7890669, 52935527.30987674, 48888950.869663745, 45377182.743330054, 44782776.297055975, 40861245.056871384, 38699431.93517904, 36367846.80491162, 35750735.51900601, 35719464.531357184, 35697669.05422248, 35685673.46066009, 35672992.27029295, 35663294.49739761, 35656413.50229865, 35651035.925366595, 35645441.79765722, 35642818.683600456, 35640194.726842836]","[13.249319076538086, 1.0581202507019043, 1.060692548751831, 1.0420010089874268, 1.3650493621826172, 1.0910754203796387, 1.087052345275879, 1.1084387302398682, 1.1047711372375488, 1.128274917602539, 1.1174051761627197, 1.1651644706726074, 1.203031301498413, 1.15561842918396, 1.165780782699585, 1.200145959854126, 1.1780107021331787, 1.1842105388641357, 1.1921536922454834, 1.1923856735229492]",[],8,0
500,1,0,0,64,69299894.14153679,31540457.216801684,48.07937788963318,35.25420522689819,20,51,"[69299894.14153679, 62351460.27471897, 50714239.97733746, 38600276.27575776, 34710974.29003628, 33913306.276640974, 32030809.312855285, 31992186.447852954, 31951966.196793508, 31907307.497467916, 31858819.91916891, 31829327.39253645, 31786187.450692322, 31725909.057332475, 31623770.075913504, 31600844.024025787, 31579080.855748557, 31568621.361885063, 31563640.111826204, 31559514.612203166]","[13.276763677597046, 1.1050200462341309, 1.148113489151001, 1.1464390754699707, 1.1418006420135498, 1.1088356971740723, 1.2169907093048096, 1.1361041069030762, 1.142270803451538, 1.2929468154907227, 1.1095802783966064, 1.1075656414031982, 1.0961549282073975, 1.0845305919647217, 1.2538046836853027, 1.049274206161499, 1.2528142929077148, 1.1592895984649658, 1.142493724822998, 1.1084389686584473]",[],8,0
1000,1,0,0,64,65732282.25443083,25015847.444944058,68.76683735847473,56.03500008583069,20,42,"[65732282.25443083, 62739658.81019444, 56440972.9550272, 41156720.71324967, 35047168.71353024, 34826583.797127634, 34739275.692078106, 34231234.56453198, 33614953.3211306, 32984074.6684606, 32825328.712162953, 32712287.506800093, 32582883.10347706, 32337225.98757134, 32105412.675206505, 31862535.918062933, 30657956.919843912, 29471453.012006797, 29100697.43011626, 28360469.95219491]","[14.614561080932617, 2.161266565322876, 2.2024388313293457, 2.1002659797668457, 2.123037099838257, 2.142551898956299, 2.1378374099731445, 2.1473500728607178, 2.144265651702881, 2.351513624191284, 2.1208837032318115, 2.1722898483276367, 2.184901237487793, 2.1601884365081787, 2.1878979206085205, 2.1553127765655518, 2.1890039443969727, 2.147183656692505, 2.181891918182373, 2.167450428009033]",[],8,0
1000,1,0,0,64,71131764.17817888,19836317.211023502,73.91845726966858,59.622331619262695,20,43,"[71131764.17817888, 66234694.7191142, 51753665.660451636, 39746557.18912687, 38116711.78159196, 34804411.261336565, 32456580.38907313, 30672576.758730724, 25164040.93298501, 24627589.259993665, 24295731.42622324, 24142690.295698877, 24015600.516956206, 23888136.69490978, 23820933.674482703, 23591718.086189773, 23367500.63972358, 22910185.503653046, 21146219.738059938, 20230654.643019684]","[16.243862867355347, 2.384190797805786, 2.1204710006713867, 2.202073335647583, 2.1995227336883545, 2.1937568187713623, 2.238098621368408, 2.253669261932373, 2.1242260932922363, 2.2161834239959717, 2.1946325302124023, 2.2619314193725586, 2.33768630027771, 2.2630584239959717, 2.2535948753356934, 2.7367782592773438, 2.2205445766448975, 2.244283676147461, 2.4498586654663086, 2.2408742904663086]",[],8,0
1000,1,0,0,64,77519455.91094238,29428343.968926113,70.29087138175964,56.88566780090332,20,44,"[77519455.91094238, 67666204.18388511, 56187636.22463597, 42602301.02156048, 34706940.386214, 34394803.2396172, 31988519.464278728, 30413051.212921724, 30232241.51330136, 30111055.38158664, 29993299.852452688, 29857578.198621217, 29800850.887156468, 29624662.609694064, 29484951.402493477, 29453042.579359148, 29448446.546111558, 29442649.63420713, 29435499.45012809, 29430729.177383862]","[15.291175842285156, 2.220611572265625, 2.301527738571167, 2.2002053260803223, 2.108409881591797, 2.1510508060455322, 2.1394262313842773, 2.1335105895996094, 2.28607439994812, 2.147012948989868, 2.1620936393737793, 2.1570889949798584, 2.1592442989349365, 2.129641056060791, 2.158860683441162, 2.1252191066741943, 2.1619975566864014, 2.1901910305023193, 2.228275775909424, 2.1642565727233887]",[],8,0
1000,1,0,0,64,76402306.3118755,24939417.36358149,70.232106924057,56.416133880615234,20,45,"[76402306.3118755, 68950486.30232468, 46309334.710084856, 41745507.59449045, 41213277.7817171, 40522777.59375167, 38388808.46196962, 33684429.57278258, 33020742.57388875, 32803793.266360648, 32227833.926281795, 31445041.764911782, 27894709.13670139, 27756997.355638396, 27645828.136490364, 27531630.676557932, 27480052.770044267, 27263693.971836552, 27046796.391349234, 26620511.9243961]","[15.207655668258667, 2.1409671306610107, 2.0479769706726074, 1.9576139450073242, 1.949094533920288, 2.0380616188049316, 2.0811827182769775, 2.1402130126953125, 2.1094772815704346, 2.1003434658050537, 2.114976644515991, 2.1340343952178955, 2.1174371242523193, 2.2259840965270996, 2.4519355297088623, 2.1992852687835693, 2.467235803604126, 2.235431432723999, 2.2399251461029053, 2.258751153945923]",[],8,0
1000,1,0,0,64,82815712.29998054,22955978.074659023,72.6360273361206,58.91528606414795,20,46,"[82815712.29998054, 72894570.80713677, 57911153.47542657, 46027297.749694, 37484768.79507394, 35247607.52211843, 34073147.11100077, 33436647.707772136, 32598621.27186108, 32339825.49313616, 32285727.314166557, 32238501.05486384, 32212892.560442828, 32195046.15762072, 32163723.68500562, 31920620.87462251, 31415385.730160795, 28989194.61229979, 23949268.881922442, 23150422.517321926]","[15.560347080230713, 2.157068967819214, 2.106224536895752, 2.164907455444336, 2.213782548904419, 2.253797769546509, 2.494091749191284, 2.3872873783111572, 2.365345001220703, 2.364332437515259, 2.3138153553009033, 2.345409870147705, 2.301771402359009, 2.2595107555389404, 2.2700562477111816, 2.2760818004608154, 2.273013114929199, 2.168477773666382, 2.2100586891174316, 2.2486753463745117]",[],8,0
1000,1,0,0,64,73050940.74372323,28161272.05520469,72.37278962135315,58.733176469802856,20,47,"[73050940.74372323, 67976855.48970246, 46258409.555237375, 38245698.96188622, 37562033.00238992, 37211366.24880521, 33864190.75578676, 33826542.167566314, 33807402.39028184, 33791722.02262661, 33775631.916172914, 33764341.38210323, 33497022.00014326, 30730048.102627803, 29747936.77094629, 29581816.888969682, 29081723.159067236, 28667733.771290034, 28374897.598978467, 28258285.190601543]","[15.398723363876343, 2.2333948612213135, 2.305657386779785, 2.2471859455108643, 2.296481132507324, 2.201582670211792, 2.1987342834472656, 2.209702253341675, 2.1815268993377686, 2.2381796836853027, 2.2553141117095947, 2.2262399196624756, 2.33056378364563, 2.242560386657715, 2.6736433506011963, 2.244826555252075, 2.4044039249420166, 2.1889724731445312, 2.2175965309143066, 2.266935110092163]",[],8,0
1000,1,0,0,64,73111378.23300181,24626196.176757738,69.62499690055847,56.56019616127014,20,48,"[73111378.23300181, 67728092.0213696, 53444158.00629041, 39767757.046712376, 38863422.79170415, 35889066.28761102, 35229254.0163334, 34384813.78014713, 31737446.621637877, 29868796.08922934, 26505536.520180214, 26187678.23709188, 26115946.277448006, 26106913.34714995, 26095379.07033412, 26068745.206743296, 25642708.29257414, 25232974.99289852, 24941982.487539988, 24803683.65229015]","[15.204072713851929, 2.1761956214904785, 2.1445796489715576, 2.182912588119507, 2.109426498413086, 2.723881244659424, 1.9964027404785156, 2.0082764625549316, 1.9597461223602295, 1.9613914489746094, 1.9383251667022705, 1.9910247325897217, 2.218815803527832, 2.173487663269043, 2.0356454849243164, 2.3231706619262695, 2.3608334064483643, 2.318789482116699, 2.227048873901367, 2.2881219387054443]",[],8,0
1000,1,0,0,64,76870522.55995727,19689814.912965015,73.73687672615051,59.77587866783142,20,49,"[76870522.55995727, 66292667.02030557, 44014579.31221601, 36600004.43560256, 30015987.924165025, 26342470.768383354, 24224918.985798333, 21826217.378161877, 21243270.86377189, 21222670.77879094, 21211535.794464193, 21205066.725953836, 21199802.73414569, 21169740.5285245, 20761604.89969626, 20295607.17914471, 20021853.99142084, 19927752.555209666, 19839508.347814105, 19735555.169663597]","[15.67566466331482, 2.220773935317993, 2.166818141937256, 2.230713129043579, 2.2915637493133545, 2.268489360809326, 2.259725332260132, 2.3340470790863037, 2.2824134826660156, 2.325822353363037, 2.283919334411621, 2.3190770149230957, 2.261920690536499, 2.1984167098999023, 2.2306747436523438, 2.3558952808380127, 2.3433897495269775, 2.5736019611358643, 2.6080660820007324, 2.371152877807617]",[],8,0
1000,1,0,0,64,77574149.62514953,29058133.661584288,72.05928087234497,58.2657310962677,20,50,"[77574149.62514953, 70529803.40550196, 50671577.47804156, 43415800.669918165, 36929457.32679486, 36122654.529532254, 34011880.19090076, 31772108.58657382, 31152766.578300014, 31103228.641982365, 31015917.130188752, 30900283.08436988, 30861265.543844283, 30689801.526560955, 30538765.155843295, 30073179.604986165, 29667733.66143195, 29370243.824351396, 29259443.05758698, 29165136.448742323]","[15.761173248291016, 2.239914655685425, 2.2486302852630615, 2.1690285205841064, 2.1657540798187256, 2.1704087257385254, 2.1959385871887207, 2.163447380065918, 2.402642250061035, 2.207658529281616, 2.2797250747680664, 2.273953914642334, 2.294961929321289, 2.2102723121643066, 2.20552659034729, 2.240966320037842, 2.205279588699341, 2.2045817375183105, 2.2316293716430664, 2.2030413150787354]",[],8,0
1000,1,0,0,64,72102837.91192953,14117111.665787142,73.41301369667053,59.890403270721436,20,51,"[72102837.91192953, 66055503.157968424, 50187080.53918832, 32515582.183374505, 28027813.34190529, 24956465.543666575, 24591913.800223757, 24484660.144896287, 24060604.394411057, 23621540.3310806, 23308980.573266115, 23106241.80921869, 18040638.374009863, 17900971.635117877, 17692638.96737588, 17342005.154646434, 17073725.897499997, 16630714.157862924, 14941539.437472705, 14119873.261701064]","[15.60570240020752, 2.60931134223938, 2.2835216522216797, 2.2858388423919678, 2.3232619762420654, 2.2338132858276367, 2.2486655712127686, 2.2898635864257812, 2.472245454788208, 2.234773635864258, 2.1909351348876953, 2.2724409103393555, 2.3139193058013916, 2.299901247024536, 2.2510077953338623, 2.331988573074341, 2.3600833415985107, 2.401073932647705, 2.3897459506988525, 2.3379251956939697]",[],8,0
